DSGS helveticus,SRF title,SRF link,DSGS signer,LSF helveticus,RTS title,RTS link,LSF signer,LIS helveticus,RSI title,RSI link,LIS signer
2022-01-11_die_pfahlbauer_in,"Die Pfahlbauer in Gebärdensprache (Staffel 1, Folge 1)",https://www.srf.ch/play/tv/helveticus-in-gebaerdensprache/video/die-pfahlbauer-in-gebaerdensprache-staffel-1-folge-1?urn=urn:srf:video:da56ab86-2fe0-4b2e-bfb7-d6feb82bc4bc,Andreas Blaser,2020-02-27_saison_1_(1_26),Saison 1 (1/26) - -3000 : Les Lacustres,https://www.rts.ch/play/tv/helveticus-signe/video/saison-1-126--3000--les-lacustres?urn=urn:rts:video:11142782,Steve Mateus,2021-12-27_serie_1_(1_26),Serie 1 (1/26) -3000 I lacustri,https://www.rsi.ch/play/tv/helveticus-lis-/video/serie-1-126--3000-i-lacustri?urn=urn:rsi:video:14911890,Paola Massa
2022-01-11_die_überquerung_des,"Die Überquerung des Gotthards in Gebärdensprache (Staffel 1, Folge 2)",https://www.srf.ch/play/tv/helveticus-in-gebaerdensprache/video/die-ueberquerung-des-gotthards-in-gebaerdensprache--staffel-1-folge-2?urn=urn:srf:video:258cbf5e-fb8f-4282-a657-a533e3e9e796,Andreas Blaser,2020-02-27_saison_1_(2_26),1230 : La traversée du Gothard,https://www.rts.ch/play/tv/helveticus-signe/video/saison-1-226-1230--la-traversee-du-gothard-episode-226-saison-1?urn=urn:rts:video:11125155,Steve Mateus,2021-12-27_serie_1_(2_26),Serie 1 (2/26) 1230 La traversata del Gottardo,https://www.rsi.ch/play/tv/helveticus-lis-/video/serie-1-226-1230-la-traversata-del-gottardo?urn=urn:rsi:video:14911896,Paola Massa
2022-01-11_der_rütlischwur_in,"Der Rütlischwur in Gebärdensprache (Staffel 1, Folge 3)",https://www.srf.ch/play/tv/helveticus-in-gebaerdensprache/video/der-ruetlischwur-in-gebaerdensprache--staffel-1-folge-3?urn=urn:srf:video:b9b2d073-f92d-4137-87b0-a85649186a4d,Andreas Blaser,2020-03-09_saison_1_(3_26),1291 : Le serment du Grütli,https://www.rts.ch/play/tv/helveticus-signe/video/saison-1-326-1291--le-serment-du-gruetli-episode-326-saison-1?urn=urn:rts:video:11151630,Steve Mateus,2021-12-27_serie_1_(3_26),Serie 1 (3/26) 1291 Il Giuramento del Grütli,https://www.rsi.ch/play/tv/helveticus-lis-/video/serie-1-326-1291-il-giuramento-del-gruetli?urn=urn:rsi:video:14911908,Paola Massa
2022-01-11_die_legende_von_wilhelm,"Die Legende von Wilhelm Tell in Gebärdensprache (Staffel 1, Folge 4)",https://www.srf.ch/play/tv/helveticus-in-gebaerdensprache/video/die-legende-von-wilhelm-tell-in-gebaerdensprache--staffel-1-folge-4?urn=urn:srf:video:81868f9e-31e5-4be7-8876-77f8272695ef,Andreas Blaser,2020-02-27_saison_1_(4_26),1307 : Guillaume Tell,https://www.rts.ch/play/tv/helveticus-signe/video/saison-1-426-1307--guillaume-tell-episode-426-saison-1?urn=urn:rts:video:11125185,Steve Mateus,2021-12-27_serie_1_(4_26),Serie 1 (4/26) 1307 Guglielmo Tell,https://www.rsi.ch/play/tv/helveticus-lis-/video/serie-1-426-1307-guglielmo-tell?urn=urn:rsi:video:14911902,Paola Massa
2022-01-11_die_legende_von_arnold,"Die Legende von Arnold Winkelried in Gebärdensprache (Staffel 1, Folge 5)",https://www.srf.ch/play/tv/helveticus-in-gebaerdensprache/video/die-legende-von-arnold-winkelried-in-gebaerdensprache--staffel-1-folge-5?urn=urn:srf:video:44a57188-73d0-4004-afae-a37135729501,Andreas Blaser,2020-02-27_saison_1_(5_26),1386 : Arnold de Winkelried,https://www.rts.ch/play/tv/helveticus-signe/video/saison-1-526-1386--arnold-de-winkelried-episode-526-saison-1?urn=urn:rts:video:11151693,Steve Mateus,2021-12-27_serie_1_(5_26),Serie 1 (5/26) 1386 Arnold Von Winkelried,https://www.rsi.ch/play/tv/helveticus-lis-/video/serie-1-526-1386-arnold-von-winkelried?urn=urn:rsi:video:14920950,Paola Massa
2022-01-11_der_schweizer_käse,"Der Schweizer Käse in Gebärdensprache (Staffel 1, Folge 6)",https://www.srf.ch/play/tv/helveticus-in-gebaerdensprache/video/der-schweizer-kaese-in-gebaerdensprache--staffel-1-folge-6?urn=urn:srf:video:ba39d2e4-bebf-4a38-a927-76a994d2057f,Andreas Blaser,2020-02-27_saison_1_(6_26),Saison 1 (6/26) – 1450 : Les fromages suisses,https://www.rts.ch/play/tv/helveticus-signe/video/saison-1-626-1450--les-fromages-suisses-episode-626-saison-1?urn=urn:rts:video:11125240,Katia Pahud,2021-12-27_serie_1_(6_26),Serie 1 (6/26) 1450 I formaggi svizzeri,https://www.rsi.ch/play/tv/helveticus-lis-/video/serie-1-626-1450-i-formaggi-svizzeri?urn=urn:rsi:video:14920983,Paola Massa
2022-01-12_niklaus_von_flüe,"Niklaus von Flüe in Gebärdensprache (Staffel 1, Folge 7)",https://www.srf.ch/play/tv/helveticus-in-gebaerdensprache/video/niklaus-von-fluee-in-gebaerdensprache--staffel-1-folge-7?urn=urn:srf:video:c8df0023-69a9-4e14-a6a6-71496fc6f2d5,Andreas Blaser,2020-02-27_saison_1_(7_26),1467 : Nicolas de Flüe,https://www.rts.ch/play/tv/helveticus-signe/video/saison-1-726-1467--nicolas-de-fluee-episode-726-saison-1?urn=urn:rts:video:11125173,Steve Mateus,2021-12-27_serie_1_(7_26),Serie 1 (7/26) 1467 Nicolao Della Flüe,https://www.rsi.ch/play/tv/helveticus-lis-/video/serie-1-726-1467-nicolao-della-fluee?urn=urn:rsi:video:14920971,Paola Massa
2022-01-12_die_schlacht_bei,"Die Schlacht bei Giornico in Gebärdensprache (Staffel 1, Folge 8)",https://www.srf.ch/play/tv/helveticus-in-gebaerdensprache/video/die-schlacht-bei-giornico-in-gebaerdensprache--staffel-1-folge-8?urn=urn:srf:video:481400c9-8fa5-42b1-ae01-cd460bd551e2,Andreas Blaser,2020-02-27_saison_1_(8_26),1478 : La bataille des grosses pierres,https://www.rts.ch/play/tv/helveticus-signe/video/saison-1-826-1478--la-bataille-des-grosses-pierres-episode-826-saison-1?urn=urn:rts:video:11151706,Katia Pahud,2021-12-27_serie_1_(8_26),Serie 1 (8/26) 1478 La Battaglia dei Sassi Grossi,https://www.rsi.ch/play/tv/helveticus-lis-/video/serie-1-826-1478-la-battaglia-dei-sassi-grossi?urn=urn:rsi:video:14920998,Paola Massa
2022-01-12_die_kappeler_milchsuppe,"Die Kappeler Milchsuppe in Gebärdensprache (Staffel 1, Folge 9)",https://www.srf.ch/play/tv/helveticus-in-gebaerdensprache/video/die-kappeler-milchsuppe-in-gebaerdensprache--staffel-1-folge-9?urn=urn:srf:video:0657d2b9-032d-4aad-8c19-612b75c16a3c,Andreas Blaser,2020-02-27_saison_1_(9_26),1529 : La soupe de Kappel,https://www.rts.ch/play/tv/helveticus-signe/video/saison-1-926-1529--la-soupe-de-kappel-episode-926-saison-1?urn=urn:rts:video:11125194,Steve Mateus,2021-12-27_serie_1_(9_26),Serie 1 (9/26) 1529 La zuppa di Kappel,https://www.rsi.ch/play/tv/helveticus-lis-/video/serie-1-926-1529-la-zuppa-di-kappel?urn=urn:rsi:video:14920992,Paola Massa
2022-01-12_calvin_und_die,"Calvin und die Uhren- und Schmuckindustrie in Gebärdensprache (Staffel 1, Folge 10)",https://www.srf.ch/play/tv/helveticus-in-gebaerdensprache/video/calvin-und-die-uhren--und-schmuckindustrie-in-gebaerdensprache-staffel-1-folge-10?urn=urn:srf:video:7259cb26-bbf8-44ca-b708-731fd1d7343f,Andreas Blaser,2020-02-27_saison_1_(10_26),Saison 1 (10/26) – 1550 : Jean Calvin et l’horlogerie-bijouterie,https://www.rts.ch/play/tv/helveticus-signe/video/saison-1-1026-1550--jean-calvin-et-lhorlogerie-bijouterie-episode-1026-saison-1?urn=urn:rts:video:11125216,Katia Pahud,2021-12-27_serie_1_(10_26),Serie 1 (10/26) 1550 Giovanni Calvino e l’orologeria – gioilleria,https://www.rsi.ch/play/tv/helveticus-lis-/video/serie-1-1026-1550-giovanni-calvino-e-lorologeria-gioielleria?urn=urn:rsi:video:14921019,Paola Massa
2022-01-12_das_alphorn_in,"Das Alphorn in Gebärdensprache (Staffel 1, Folge 11)",https://www.srf.ch/play/tv/helveticus-in-gebaerdensprache/video/das-alphorn-in-gebaerdensprache--staffel-1-folge-11?urn=urn:srf:video:ccd899a1-6f7c-4c3a-b9bc-16cf44efc66a,Andreas Blaser,2020-02-27_saison_1_(11_26),1560 : Le cor des Alpes,https://www.rts.ch/play/tv/helveticus-signe/video/saison-1-1126-1560--le-cor-des-alpes-episode-1126-saison-1?urn=urn:rts:video:11125203,Steve Mateus,2021-12-27_serie_1_(11_26),Serie 1 (11/26) 1560 Il corno delle Alpi,https://www.rsi.ch/play/tv/helveticus-lis-/video/serie-1-1126-1560-il-corno-delle-alpi?urn=urn:rsi:video:14921013,Paola Massa
2022-01-12_die_«escalade_von,"Die “Escalade von Genf” in Gebärdensprache (Staffel 1, Folge 12)",https://www.srf.ch/play/tv/helveticus-in-gebaerdensprache/video/die-escalade-von-genf-in-gebaerdensprache--staffel-1-folge-12?urn=urn:srf:video:c7a0a828-4a47-4213-8cd9-e66421be6118,Andreas Blaser,2020-02-27_saison_1_(12_26),1602 : L’escalade de Genève,https://www.rts.ch/play/tv/helveticus-signe/video/saison-1-1226-1602--lescalade-de-geneve-episode-1226-saison-1?urn=urn:rts:video:11125290,Annette Correia,2021-12-27_serie_1_(12_26),Serie 1 (12/26) 1602 L’Éscalade di Ginevra,https://www.rsi.ch/play/tv/helveticus-lis-/video/serie-1-1226-1602-lescalade-di-ginevra?urn=urn:rsi:video:14921025,Paola Massa
2022-01-12_napoléon_und_die,"Napoléon und die Helvetische Republik in Gebärdensprache (Staffel 1, Folge 13)",https://www.srf.ch/play/tv/helveticus-in-gebaerdensprache/video/napoleon-und-die-helvetische-republik-in-gebaerdensprache--staffel-1-folge-13?urn=urn:srf:video:440c3b36-7f2c-4e55-a31b-cd109c7352d2,Andreas Blaser,2020-02-27_saison_1_(13_26),1798-1803 Napoléon et la république helvétique,https://www.rts.ch/play/tv/helveticus-signe/video/saison-11326-1798-1803--napoleon-et-la-republique-helvetique-episode-1326-saison-1?urn=urn:rts:video:11125322,Steve Mateus,2021-12-27_serie_1_(13_26),Serie 1 (13/26) 1798-1803 Napoleone e la Repubblica Elvetica,https://www.rsi.ch/play/tv/helveticus-lis-/video/serie-1-1326-1798-1803-napoleone-e-la-repubblica-elvetica?urn=urn:rsi:video:14921574,Paola Massa
2022-01-12_barry_der_lawinenhund,"Barry der Lawinenhund in Gebärdensprache (Staffel 1, Folge 14)",https://www.srf.ch/play/tv/helveticus-in-gebaerdensprache/video/barry-der-lawinenhund-in-gebaerdensprache--staffel-1-folge-14?urn=urn:srf:video:f67d3e98-35e3-4eed-b808-1cf85e3ec6dc,Andreas Blaser,2020-02-27_saison_1_(14_26),"Saison 1 (14/26) – 1807 : Barry, le chien d’avalanche (Episode 14/26 – Saison 1)",https://www.rts.ch/play/tv/helveticus-signe/video/saison-1-1426-1807--barry-le-chien-davalanche-episode-1426-saison-1?urn=urn:rts:video:11125231,Annette Correia,2021-12-27_serie_1_(14_26),"Serie 1 (14/26) 1807 Barry, il cane da valanga",https://www.rsi.ch/play/tv/helveticus-lis-/video/serie-1-1426-1807-barry-il-cane-da-valanga?urn=urn:rsi:video:14921532,Paola Massa
2022-01-12_henry_dunant_und,Henry Dunant und das Rote Kreuz in Gebärdensprache,https://www.srf.ch/play/tv/helveticus-in-gebaerdensprache/video/henry-dunant-und-das-rote-kreuz-in-gebaerdensprache-?urn=urn:srf:video:0510d22c-07d0-444f-be86-16bfcca7435b,Andreas Blaser,2020-02-27_saison_1_(15_26),Saison 1 (15/26) – 1862 : Henri Dunant et la Croix-Rouge,https://www.rts.ch/play/tv/helveticus-signe/video/saison-1-1526-1862--henri-dunant-et-la-croix-rouge-episode-1526-saison-1?urn=urn:rts:video:11125260,Steve Mateus,2021-12-27_serie_1_(15_26),Serie 1 (15/26) 1862 Henri Dunant e la Croce Rossa,https://www.rsi.ch/play/tv/helveticus-lis-/video/serie-1-1526-1862-henri-dunant-e-la-croce-rossa?urn=urn:rsi:video:14921586,Paola Massa
2022-01-12_tourismus_und_wintersport,"Tourismus und Wintersport in Gebärdensprache (Staffel 1, Folge 16)",https://www.srf.ch/play/tv/helveticus-in-gebaerdensprache/video/tourismus-und-wintersport-in-gebaerdensprache-staffel-1-folge-16?urn=urn:srf:video:a41f9ea4-7233-4dce-9f36-1936dd17f398,Andreas Blaser,2020-02-27_saison_1_(16_26),Saison 1 (16/26) – 1864 : Le tourisme et les sports d’hiver,https://www.rts.ch/play/tv/helveticus-signe/video/saison-1-1626-1864--le-tourisme-et-les-sports-dhiver-episode-1626-saison-1?urn=urn:rts:video:11125250,Steve Mateus,2021-12-27_serie_1_(16_26),Serie 1 (16/26) 1864 Il turismo e gli sport invernali,https://www.rsi.ch/play/tv/helveticus-lis-/video/serie-1-1626-1864-il-turismo-e-gli-sport-invernali?urn=urn:rsi:video:14921553,Paola Massa
2022-01-12_milchschokolade_und_milchpulver,"Milchschokolade und Milchpulver in Gebärdensprache (Staffel 1, Folge 17)",https://www.srf.ch/play/tv/helveticus-in-gebaerdensprache/video/milchschokolade-und-milchpulver-in-gebaerdensprache--staffel-1-folge-17?urn=urn:srf:video:0ade846e-ca25-4431-b2ef-0064ef33b35c,Andreas Blaser,2020-03-09_saison_1_(17_26),1864 : Le chocolat au lait et le lait en poudre,https://www.rts.ch/play/tv/helveticus-signe/video/saison-1-1726-1864--le-chocolat-au-lait-et-le-lait-en-poudre-episode-1726-saison-1?urn=urn:rts:video:11151664,Steve Mateus,2021-12-27_serie_1_(17_26),Serie 1 (17/26) 1875 Il cioccolato al latte e il latte in polvere,https://www.rsi.ch/play/tv/helveticus-lis-/video/serie-1-1726-1875-il-cioccolato-al-latte-e-il-latte-in-polvere?urn=urn:rsi:video:14921538,Paola Massa
2022-01-12_johanna_spyri_und,"Johanna Spyri und Heidi in Gebärdensprache (Staffel 1, Folge 18)",https://www.srf.ch/play/tv/helveticus-in-gebaerdensprache/video/johanna-spyri-und-heidi-in-gebaerdensprache--staffel-1-folge-18?urn=urn:srf:video:3369c65a-0178-42a6-aa0b-d608e79f84cf,Andreas Blaser,2020-02-27_saison_1_(18_26),1881 : Johanna Spyri et Heidi,https://www.rts.ch/play/tv/helveticus-signe/video/saison-1-1826-1880--johanna-spyri-et-heidi-episode-1826-saison-1?urn=urn:rts:video:11125308,Katia Pahud,2021-12-27_serie_1_(18_26),Serie 1 (18/26) 1880 Johanna Spyri e Heidi,https://www.rsi.ch/play/tv/helveticus-lis-/video/serie-1-1826-1880-johanna-spyri-e-heidi?urn=urn:rsi:video:14921544,Paola Massa
2022-01-12_das_schweizer_messer,"Das Schweizer Messer in Gebärdensprache (Staffel 1, Folge 19)",https://www.srf.ch/play/tv/helveticus-in-gebaerdensprache/video/das-schweizer-messer-in-gebaerdensprache-staffel-1-folge-19?urn=urn:srf:video:eccb8564-2cc1-43ea-878d-caad1f8c8745,Andreas Blaser,2020-03-09_saison_1_(19_26),1890 : Le couteau suisse,https://www.rts.ch/play/tv/helveticus-signe/video/saison-1-1926-1890--le-couteau-suisse-episode-1926-saison-1?urn=urn:rts:video:11151673,Steve Mateus,2021-12-27_serie_1_(19_26),Serie 1 (19/26) 1890 Il coltellino svizzero,https://www.rsi.ch/play/tv/helveticus-lis-/video/serie-1-1926-1890-il-coltellino-svizzero?urn=urn:rsi:video:14921559,Paola Massa
2022-01-12_doktor_bircher_und,"Doktor Bircher und sein Müesli in Gebärdensprache (Staffel 1, Folge 20)",https://www.srf.ch/play/tv/helveticus-in-gebaerdensprache/video/doktor-bircher-und-sein-mueesli-in-gebaerdensprache-staffel-1-folge-20?urn=urn:srf:video:2c5b5272-f600-43dc-be3a-09a6bcd686a1,Andreas Blaser,2020-03-09_saison_1_(20_26),1900 : Le muesli du Docteur Bircher,https://www.rts.ch/play/tv/helveticus-signe/video/saison-1-2026-1900--le-muesli-du-docteur-bircher-episode-2026-saison-1?urn=urn:rts:video:11151649,Katia Pahud,2021-12-27_serie_1_(20_26),Serie 1 (20/26) 1900 Il muesli del dottor Bircher,https://www.rsi.ch/play/tv/helveticus-lis-/video/serie-1-2026-1900-il-muesli-del-dottor-bircher?urn=urn:rsi:video:14921565,Paola Massa
2022-01-12_albert_einstein_in,"Albert Einstein in Gebärdensprache (Staffel 1, Folge 21)",https://www.srf.ch/play/tv/helveticus-in-gebaerdensprache/video/albert-einstein-in-gebaerdensprache--staffel-1-folge-21?urn=urn:srf:video:b55e5df3-251e-4746-8600-b49819b7aa42,Andreas Blaser,2020-02-27_saison_1_(21_26),Saison 1 (21/26) – 1905 : Albert Einstein,https://www.rts.ch/play/tv/helveticus-signe/video/saison-1-2126-1905--albert-einstein?urn=urn:rts:video:11125335,Steve Mateus,2021-12-27_serie_1_(21_26),Serie 1 (21/26) 1905 Albert Einstein,https://www.rsi.ch/play/tv/helveticus-lis-/video/serie-1-2126-1905-albert-einstein?urn=urn:rsi:video:14923152,Paola Massa
2022-01-12_friedrich_dürrenmatt_in,"Friedrich Dürrenmatt in Gebärdensprache (Staffel 1, Folge 22)",https://www.srf.ch/play/tv/helveticus-in-gebaerdensprache/video/friedrich-duerrenmatt-in-gebaerdensprache-staffel-1-folge-22?urn=urn:srf:video:8cfba608-322a-4585-8478-2f2820d986aa,Andreas Blaser,2020-02-27_saison_1_(22_26),1956 : Friedrich Dürrenmatt,https://www.rts.ch/play/tv/helveticus-signe/video/saison-1-2226-1956--friedrich-duerrenmatt-episode-2226-saison-1?urn=urn:rts:video:11125299,Steve Mateus,2021-12-27_serie_1_(22_26),Serie 1 (22/26) 1956 Friedrich Dürrenmatt,https://www.rsi.ch/play/tv/helveticus-lis-/video/serie-1-2226-1956-friedrich-duerrenmatt?urn=urn:rsi:video:14923158,Paola Massa
2022-01-12_alberto_giacometti_in,"Alberto Giacometti in Gebärdensprache (Staffel 1, Folge 23)",https://www.srf.ch/play/tv/helveticus-in-gebaerdensprache/video/alberto-giacometti-in-gebaerdensprache--staffel-1-folge-23?urn=urn:srf:video:982655d4-853d-4333-a9fa-3b15e0adb625,Andreas Blaser,2020-02-27_saison_1_(23_26),1960 : Alberto Giacommetti,https://www.rts.ch/play/tv/helveticus-signe/video/saison-1-2326-1960--alberto-giacommetti-episode-2326-saison-1?urn=urn:rts:video:11125280,Steve Mateus,2021-12-27_serie_1_(23_26),Serie 1 (23/26) 1960 Alberto Giacometti,https://www.rsi.ch/play/tv/helveticus-lis-/video/serie-1-2326-1960-alberto-giacometti?urn=urn:rsi:video:14923176,Paola Massa
2022-01-12_das_frauenstimmrecht_in,Das Frauenstimmrecht in Gebärdensprache,https://www.srf.ch/play/tv/helveticus-in-gebaerdensprache/video/das-frauenstimmrecht-in-gebaerdensprache-?urn=urn:srf:video:0793cb71-6b4c-4a7e-8453-d52e2a38fbac,Andreas Blaser,2020-02-27_saison_1_(24_26),1971 : Le droit de vote des femmes,https://www.rts.ch/play/tv/helveticus-signe/video/saison-1-2426-1971--le-droit-de-vote-des-femmes-episode-2426-saison-1?urn=urn:rts:video:11125269,Katia Pahud,2021-12-27_serie_1_(24_26),Serie 1 (24/26) 1971 Il diritto di voto delle donne,https://www.rsi.ch/play/tv/helveticus-lis-/video/serie-1-2426-1971-il-diritto-di-voto-alle-donne?urn=urn:rsi:video:14923167,Paola Massa
2022-01-12_jean_tinguely_in,"Jean Tinguely in Gebärdensprache (Staffel 1, Folge 25)",https://www.srf.ch/play/tv/helveticus-in-gebaerdensprache/video/jean-tinguely-in-gebaerdensprache--staffel-1-folge-25?urn=urn:srf:video:cd91723d-ba17-4a37-8cd0-d6c8bb22e2a9,Andreas Blaser,2020-03-09_saison_1_(25_26),1977 : Jean Tinguely,https://www.rts.ch/play/tv/helveticus-signe/video/saison-1-2526-1977--jean-tinguely-episode-2526-saison-1?urn=urn:rts:video:11151640,Steve Mateus,2021-12-27_serie_1_(25_26),Serie 1 (25/26) 1977 Jean Tinguely,https://www.rsi.ch/play/tv/helveticus-lis-/video/serie-1-2526-1977-jean-tinguely?urn=urn:rsi:video:14923140,Paola Massa
2022-01-12_bertrand_piccard_in,Bertrand Piccard in Gebärdensprache,https://www.srf.ch/play/tv/helveticus-in-gebaerdensprache/video/bertrand-piccard-in-gebaerdensprache-?urn=urn:srf:video:802a7812-9bdd-4b48-82e6-60051366594f,Andreas Blaser,2020-03-09_saison_1_(26_26),1999 : Bertrand Piccard et le tour de monde en ballon,https://www.rts.ch/play/tv/helveticus-signe/video/saison-1-2626-1999--bertrand-piccard-et-le-tour-du-monde-en-ballon-episode-2626-saison-1?urn=urn:rts:video:11159615,Katia Pahud,2021-12-27_serie_1_(26_26),Serie 1 (26/26) 1999 Bertrand Piccard e il giro del mondo in mongolfiera,https://www.rsi.ch/play/tv/helveticus-lis-/video/serie-1-2626-1999-bertrand-piccard-e-il-giro-del-mondo-in-mongolfiera?urn=urn:rsi:video:14923188,Paola Massa
2022-02-02_jean-jacques_rousseau_in,"Jean-Jacques Rousseau in Gebärdensprache (Staffel 2, Folge 7)",https://www.srf.ch/play/tv/helveticus-in-gebaerdensprache/video/jean-jacques-rousseau-in-gebaerdensprache--staffel-2-folge-7?urn=urn:srf:video:72b425e2-88e9-4f32-b559-12a8d95380fc,Andreas Blaser,2021-10-28_saison_2_(1_26),1728 Jean-Jacques Rousseau,https://www.rts.ch/play/tv/helveticus-signe/video/saison-2-126-1728-jean-jacques-rousseau?urn=urn:rts:video:12614748,Katia Pahud,2022-01-03_serie_2_(1_26),Serie 2 (1/26) 1728 Jean-Jacques Rousseau,https://www.rsi.ch/play/tv/helveticus-lis-/video/serie-2-126-1728-jean-jacques-rousseau?urn=urn:rsi:video:14940897,Paola Massa
2022-02-02_le_corbusier_in,"Le Corbusier in Gebärdensprache (Staffel 2, Folge 18)",https://www.srf.ch/play/tv/helveticus-in-gebaerdensprache/video/le-corbusier-in-gebaerdensprache--staffel-2-folge-18?urn=urn:srf:video:193acc85-497f-4e72-99d5-95b0d00fd5b4,Andreas Blaser,2021-10-28_saison_2_(2_26),1917 Le Corbusier,https://www.rts.ch/play/tv/helveticus-signe/video/saison-2-226-1917-le-corbusier?urn=urn:rts:video:12600618,Steve Mateus,2022-01-03_serie_2_(2_26),Serie 2 (2/26) 1917 Le Corbusier,https://www.rsi.ch/play/tv/helveticus-lis-/video/serie-2-226-1917-le-corbusier-?urn=urn:rsi:video:14940744,Paola Massa
2022-02-02_victor_frankenstein_in,"Victor Frankenstein in Gebärdensprache (Staffel 2, Folge 9)",https://www.srf.ch/play/tv/helveticus-in-gebaerdensprache/video/victor-frankenstein-in-gebaerdensprache-staffel-2-folge-9?urn=urn:srf:video:f004b3dd-6e7b-42f9-abab-279aee01f81b,Andreas Blaser,2021-10-28_saison_2_(3_26),1816 Victor Frankenstein,https://www.rts.ch/play/tv/helveticus-signe/video/saison-2-326-1816-victor-frankenstein?urn=urn:rts:video:12600635,Katia Pahud,2022-01-03_serie_2_(3_26),Serie 2 (3/26) 1816 Victor Frankenstein e Mary Shelley,https://www.rsi.ch/play/tv/helveticus-lis-/video/serie-2-326-1816-victor-frankenstein-e-mary-shelley?urn=urn:rsi:video:14940759,Paola Massa
2022-02-02_die_ringkuhkämpfe_in,"Die Ringkuhkämpfe in Gebärdensprache (Staffel 2, Folge 20)",https://www.srf.ch/play/tv/helveticus-in-gebaerdensprache/video/die-ringkuhkaempfe-in-gebaerdensprache--staffel-2-folge-20?urn=urn:srf:video:c65940a2-bf67-4cf8-8b4d-caec09425a1d,Andreas Blaser,2021-10-28_saison_2_(4_26),1922 Les combats de reines,https://www.rts.ch/play/tv/helveticus-signe/video/saison-2-426-1922-les-combats-de-reines?urn=urn:rts:video:12600609,Steve Mateus,2022-01-03_serie_2_(4_26),Serie 2 (4/26) Le battaglie delle regine,https://www.rsi.ch/play/tv/helveticus-lis-/video/serie-2-426-1922-le-battaglie-delle-regine?urn=urn:rsi:video:14940753,Paola Massa
2022-02-02_gottlieb_duttweiler_und,"Gottlieb Duttweiler und die Migros in Gebärdensprache (Staffel 2, Folge 21)",https://www.srf.ch/play/tv/helveticus-in-gebaerdensprache/video/gottlieb-duttweiler-und-die-migros-in-gebaerdensprache--staffel-2-folge-21?urn=urn:srf:video:23b2d2f6-16a7-4f0a-a430-c07989f2c2da,Andreas Blaser,2021-11-10_saison_2_(5_26),1925 Gottlieb Duttweiler et la Migros,https://www.rts.ch/play/tv/helveticus-signe/video/saison-2-526-1925-gottlieb-duttweiler-et-la-migros?urn=urn:rts:video:12631366,Steve Mateus,2022-01-03_serie_2_(5_26),Serie 2 (5/26) 1925 Gottlieb Duttweiler e la Migros,https://www.rsi.ch/play/tv/helveticus-lis-/video/serie-2-526-1925-gottlieb-duttweiler-e-la-migros?urn=urn:rsi:video:14940777,Paola Massa
2022-02-02_georges_de_mestral,"Georges de Mestral und der Klettverschluss in Gebärdensprache (Staffel 2, Folge 24)",https://www.srf.ch/play/tv/helveticus-in-gebaerdensprache/video/georges-de-mestral-und-der-klettverschluss-in-gebaerdensprache--staffel-2-folge-24?urn=urn:srf:video:03095f6e-2b27-4ee8-89ae-fe7cbaa5aa55,Andreas Blaser,2021-11-10_saison_2_(6_26),1941 Le Velcro,https://www.rts.ch/play/tv/helveticus-signe/video/saison-2-626-1941-le-velcro?urn=urn:rts:video:12631375,Steve Mateus,2022-01-03_serie_2_(6_26),Serie 2 (6/26) 1941 Georges De Mestral e il velcro,https://www.rsi.ch/play/tv/helveticus-lis-/video/serie-2-626-1941-georges-de-mestral-e-il-velcro?urn=urn:rsi:video:14940909,Paola Massa
2022-02-02_der_schweizerische_nationalpark,"Der Schweizerische Nationalpark in Gebärdensprache (Staffel 2, Folge 16)",https://www.srf.ch/play/tv/helveticus-in-gebaerdensprache/video/der-schweizerische-nationalpark-in-gebaerdensprache--staffel-2-folge-16?urn=urn:srf:video:6b1e134f-594d-4353-9ca9-52eee1bd9a65,Andreas Blaser,2022-03-08_saison_2_(7_26),1914 Le parc National Suisse,https://www.rts.ch/play/tv/helveticus-signe/video/saison-2-726-1914-le-parc-national-suisse?urn=urn:rts:video:12922744,Farhia Ahmed,2022-01-03_serie_2_(7_26),Serie 2 (7/26) Il Parco Nazionale Svizzero,https://www.rsi.ch/play/tv/helveticus-lis-/video/serie-2-726-il-parco-nazionale-svizzero?urn=urn:rsi:video:14940714,Paola Massa
2022-02-02_sophie_taeuber-arp_in,"Sophie Taeuber-Arp in Gebärdensprache (Staffel 2, Folge 17)",https://www.srf.ch/play/tv/helveticus-in-gebaerdensprache/video/sophie-taeuber-arp-in-gebaerdensprache--staffel-2-folge-17?urn=urn:srf:video:e89ed2c1-6dda-4125-b593-6398a075f5e7,Andreas Blaser,2021-11-17_saison_2_(8_26),1915 Sophie Taeber-Arp,https://www.rts.ch/play/tv/helveticus-signe/video/saison-2-826-1915-sophie-taeber-arp?urn=urn:rts:video:12649232,Steve Mateus,2022-01-03_serie_2_(8_26),Serie 2 (8/26) 1915 Sophie Taeuber-Arp,https://www.rsi.ch/play/tv/helveticus-lis-/video/serie-2-826-1915-sophie-taeuber-arp?urn=urn:rsi:video:14940726,Paola Massa
2022-02-02_sonderbundskrieg_in_gebärdensprache,"Sonderbundskrieg in Gebärdensprache (Staffel 2, Folge 10)",https://www.srf.ch/play/tv/helveticus-in-gebaerdensprache/video/sonderbundskrieg-in-gebaerdensprache--staffel-2-folge-10?urn=urn:srf:video:3a87a342-16b6-4c97-b660-0851cd9a250a,Andreas Blaser,2022-03-08_saison_2_(9_26),1847 La guerre du Sonderbound,https://www.rts.ch/play/tv/helveticus-signe/video/saison-2-926-1847-la-guerre-du-sonderbound?urn=urn:rts:video:12922753,Steve Mateus,2022-01-03_serie_2_(9_26),Serie 2 (9/26) 1847 La Guerra del Sonderbund,https://www.rsi.ch/play/tv/helveticus-lis-/video/serie-2-926-1847-la-guerra-del-sonderbund?urn=urn:rsi:video:14945787,Paola Massa
2022-02-02_paracelsus_in_gebärdensprache,"Paracelsus in Gebärdensprache (Staffel 2, Folge 5)",https://www.srf.ch/play/tv/helveticus-in-gebaerdensprache/video/paracelsus-in-gebaerdensprache--staffel-2-folge-5?urn=urn:srf:video:f4b65254-6325-4065-805a-8ffbfbfd38c9,Andreas Blaser,2022-03-08_saison_2_(10_26),1527 Paracelse,https://www.rts.ch/play/tv/helveticus-signe/video/saison-2-1026-1527-paracelse?urn=urn:rts:video:12922891,Steve Mateus,2022-01-03_serie_2_(10_26),Serie 2 (10/26) 1527 Paracelso,https://www.rsi.ch/play/tv/helveticus-lis-/video/serie-2-1026-1527-paracelso?urn=urn:rsi:video:14945781,Paola Massa
2022-02-02_angelika_kauffmann_in,"Angelika Kauffmann in Gebärdensprache (Staffel 2, Folge 8)",https://www.srf.ch/play/tv/helveticus-in-gebaerdensprache/video/angelika-kauffmann-in-gebaerdensprache--staffel-2-folge-8?urn=urn:srf:video:d4d43cd5-2e26-4f15-9c75-06e00d88c999,Andreas Blaser,2022-03-30_saison_2_(11_26),1750 Angelika Kauffmann,https://www.rts.ch/play/tv/helveticus-signe/video/saison-2-1126-1750-angelika-kauffmann?urn=urn:rts:video:12981650,Farhia Ahmed,2022-01-03_serie_2_(11_26),Serie 2 (11/26) 1750 Angelica Kauffmann,https://www.rsi.ch/play/tv/helveticus-lis-/video/serie-2-1126-1750-angelica-kauffmann?urn=urn:rsi:video:14945799,Paola Massa
2022-02-02_arnold_böcklin_und,"Arnold Böcklin und Ferdinand Hodler in Gebärdensprache (Staffel 2, Folge 12)",https://www.srf.ch/play/tv/helveticus-in-gebaerdensprache/video/arnold-boecklin-und-ferdinand-hodler-in-gebaerdensprache--staffel-2-folge-12?urn=urn:srf:video:dcb5baf8-cf4c-4f9b-85d0-011c0f0a4d3e,Andreas Blaser,,Saison 2 (12?/26) 1880 Arnold Bröcklin et Ferdinand Hodler,,,2022-01-03_serie_2_(12_26),Serie 2 (12/26) 1880 Arnold Bröcklin e Ferdinand Hodler,https://www.rsi.ch/play/tv/helveticus-lis-/video/serie-2-1226-1880-arnold-boecklin-e-ferdinand-hodler?urn=urn:rsi:video:14945811,Paola Massa
2022-02-02_roger_federer_in,"Roger Federer in Gebärdensprache (Staffel 2, Folge 26)",https://www.srf.ch/play/tv/helveticus-in-gebaerdensprache/video/roger-federer-in-gebaerdensprache-staffel-2-folge-26?urn=urn:srf:video:c7845020-f32c-43a7-aa67-fe7ff326deee,Andreas Blaser,2022-03-23_saison_2_(13_26),2014 Roger Federer,https://www.rts.ch/play/tv/helveticus-signe/video/saison-2-1326-2014-roger-federer?urn=urn:rts:video:12963874,Steve Mateus,2022-01-03_serie_2_(13_26),Serie 2 (13/26) 2014 Roger Federer,https://www.rsi.ch/play/tv/helveticus-lis-/video/serie-2-1326-2014-roger-federer?urn=urn:rsi:video:14945838,Paola Massa
2022-02-02_anne-marie_schwarzenbach_und,"Anne-Marie Schwarzenbach und Ella Maillart in Gebärdensprache (Staffel 2, Folge 23)",https://www.srf.ch/play/tv/helveticus-in-gebaerdensprache/video/anne-marie-schwarzenbach-und-ella-maillart-in-gebaerdensprache-staffel-2-folge-23?urn=urn:srf:video:cc740ba2-a5ea-439e-be92-aa901400be13,Andreas Blaser,2022-05-17_saison_2_(14_26),1939 Anne-Marie Schwarzenbach et Ella Maillart,https://www.rts.ch/play/tv/helveticus-signe/video/saison-2-1426-1939-anne-marie-schwarzenbach-et-ella-maillart?urn=urn:rts:video:13102661,Steve Mateus,2022-01-03_serie_2_(25_26),Serie 2 (25/26) 1939 Annemarie Scharzenbach e Ella Maillart,https://www.rsi.ch/play/tv/helveticus-lis-/video/serie-2-2526-1939-annemarie-schwarzenbach-e-ella-maillart?urn=urn:rsi:video:14948361,Paola Massa
2022-02-02_vincenzo_vela_in,"Vicenzo Vela in Gebärdensprache (Staffel 2, Folge 11)",https://www.srf.ch/play/tv/helveticus-in-gebaerdensprache/video/vincenzo-vela-in-gebaerdensprache--staffel-2-folge-11?urn=urn:srf:video:e2ae830b-0a65-426d-9509-d67a293c646c,Andreas Blaser,2022-03-30_saison_2_(15_26),1848 Vincenzo Vela,https://www.rts.ch/play/tv/helveticus-signe/video/saison-2-1526-1848-vincenzo-vela?urn=urn:rts:video:12981687,Steve Mateus,2022-01-03_serie_2_(19_26),Serie 2 (19/26) 1848 Vincenzo Vela,https://www.rsi.ch/play/tv/helveticus-lis-/video/serie-2-1926-1848-vincenzo-vela?urn=urn:rsi:video:14948316,Paola Massa
2022-02-02_der_pilatus_in,"Der Pilatus in Gebärdensprache (Staffel 2, Folge 13)",https://www.srf.ch/play/tv/helveticus-in-gebaerdensprache/video/der-pilatus-in-gebaerdensprache-staffel-2-folge-13?urn=urn:srf:video:3fe61b52-a2e3-4640-8298-d55f436c1a28,Andreas Blaser,2022-04-26_saison_2_(16_26),1889 Le Mont-Pilatus,https://www.rts.ch/play/tv/helveticus-signe/video/saison-2-1626-1889-le-mont-pilatus?urn=urn:rts:video:13047469,Steve Mateus,2022-01-03_serie_2_(20_26),Serie 2 (20/26) Il Monte Pilatus,https://www.rsi.ch/play/tv/helveticus-lis-/video/serie-2-2026-il-monte-pilatus?urn=urn:rsi:video:14948337,Paola Massa
2022-02-02_die_rettung_von,"Die Rettung von Avenches in Gebärdensprache (Staffel 2, Folge 2)",https://www.srf.ch/play/tv/helveticus-in-gebaerdensprache/video/die-rettung-von-avenches-in-gebaerdensprache--staffel-2-folge-2?urn=urn:srf:video:18443da8-d485-40cd-ba0f-e2224b7d83d7,Andreas Blaser,2022-04-26_saison_2_(17_26),-69 Le sauvetage d'Avenches,https://www.rts.ch/play/tv/helveticus-signe/video/saison-2-1726----69-le-sauvetage-davenches?urn=urn:rts:video:13047447,Farhia Ahmed,2022-01-03_serie_2_(15_26),Serie 2 (15/26) -69 Il salvataggio di Aventicum,https://www.rsi.ch/play/tv/helveticus-lis-/video/serie-2-1526--69-il-salvataggio-di-aventicum?urn=urn:rsi:video:14945832,Paola Massa
2022-02-02_der_monte_san,"Der Monte San Giorgio in Gebärdensprache (Staffel 2, Folge 1)",https://www.srf.ch/play/tv/helveticus-in-gebaerdensprache/video/der-monte-san-giorgio-in-gebaerdensprache--staffel-2-folge-1?urn=urn:srf:video:19946e91-c815-41b1-9ae6-5eace7ad4e93,Andreas Blaser,2022-06-14_saison_2_(18_26),-250 Mio. Le Monte San Giorgio,https://www.rts.ch/play/tv/helveticus-signe/video/saison-2-1826---250-mio--le-monte-san-giorgio?urn=urn:rts:video:13172395,Farhia Ahmed,2022-01-03_serie_2_(14_26),Serie 2 (14/26) -250MIO Il Monte San Giorgio,https://www.rsi.ch/play/tv/helveticus-lis-/video/serie-2-1426--250mio-il-monte-san-giorgio?urn=urn:rsi:video:14945817,Paola Massa
2022-02-02_berta_von_alamannien,"Berta von Alamannien in Gebärdensprache (Staffel 2, Folge 3)",https://www.srf.ch/play/tv/helveticus-in-gebaerdensprache/video/berta-von-alamannien-in-gebaerdensprache--staffel-2-folge-3?urn=urn:srf:video:ed9243d2-6cb7-4ade-a25a-53370a861ec2,Andreas Blaser,2022-05-17_saison_2_(19_26),950 Berthe de Souabe,https://www.rts.ch/play/tv/helveticus-signe/video/saison-2-1926-950-berthe-de-souabe?urn=urn:rts:video:13102671,Steve Mateus,2022-01-03_serie_2_(16_26),Serie 2 (16/26) 950 Berta di Svevia,https://www.rsi.ch/play/tv/helveticus-lis-/video/serie-2-1626-950-berta-di-svevia?urn=urn:rsi:video:14945853,Paola Massa
2022-02-02_die_schweizer_banken,"Die Schweizer Banken in Gebärdensprache (Staffel 2, Folge 4)",https://www.srf.ch/play/tv/helveticus-in-gebaerdensprache/video/die-schweizer-banken-in-gebaerdensprache--staffel-2-folge-4?urn=urn:srf:video:69a69f1c-7313-4c68-a174-4747e177ee4a,Andreas Blaser,2023-06-30_saison_2_(20_26),Saison 2 (20/26) - 1151 Les Banques,https://www.rts.ch/play/tv/helveticus-signe/video/saison-2-2026-1151-les-banques?urn=urn:rts:video:14143008,Farhia Ahmed,2022-01-03_serie_2_(17_26),Serie 2 (17/26) 1151 Le banche,https://www.rsi.ch/play/tv/helveticus-lis-/video/serie-2-1726-1151-le-banche?urn=urn:rsi:video:14948307,Paola Massa
2022-02-02_die_zweite_schlacht,"Die zweite Schlacht von Villmergen in Gebärdensprache (Staffel 2, Folge 6)",https://www.srf.ch/play/tv/helveticus-in-gebaerdensprache/video/die-zweite-schlacht-von-villmergen-in-gebaerdensprache-staffel-2-folge-6?urn=urn:srf:video:bf4c244e-dba9-4540-8fb7-a117bec244ea,Andreas Blaser,,Saison 2 (21?/26) La bataille de Villmergen,,,2022-01-03_serie_2_(18_26),Serie 2 (18/26) 1712 La battaglia di Villmergen,https://www.rsi.ch/play/tv/helveticus-lis-/video/serie-2-1826-1712-la-battaglia-di-villmergen?urn=urn:rsi:video:14948301,Paola Massa
2022-02-02_carl_gustav_jung,"Carl Gustav Jung in Gebärdensprache (Staffel 2, Folge 14)",https://www.srf.ch/play/tv/helveticus-in-gebaerdensprache/video/carl-gustav-jung-in-gebaerdensprache--staffel-2-folge-14?urn=urn:srf:video:99107b1d-a210-414a-8b84-5acbcf226f87,Andreas Blaser,2023-06-30_saison_2_(22_26),Saison 2 (22/26) - 1900 Carl Gustav Jung,https://www.rts.ch/play/tv/helveticus-signe/video/saison-2-2226-1900-carl-gustav-jung?urn=urn:rts:video:14142997,Steve Mateus,2022-01-03_serie_2_(21_26),Serie 2 (21/26) 1900 Carl Gustav Jung,https://www.rsi.ch/play/tv/helveticus-lis-/video/serie-2-2126-1900-carl-gustav-jung?urn=urn:rsi:video:14948322,Paola Massa
2022-02-02_arthur_honegger_in,"Arthur Honegger in Gebärdensprache (Staffel 2, Folge 15)",https://www.srf.ch/play/tv/helveticus-in-gebaerdensprache/video/arthur-honegger-in-gebaerdensprache--staffel-2-folge-15?urn=urn:srf:video:3434b9ba-23f1-4108-bf49-a5aa142c973c,Andreas Blaser,2022-06-14_saison_2_(23_26),1910 Arthur Honegger,https://www.rts.ch/play/tv/helveticus-signe/video/saison-2-2326-1910-arthur-honegger?urn=urn:rts:video:13172406,Farhia Ahmed,2022-01-03_serie_2_(22_26),Serie 2 (22/26) 1910 Arthur Honegger,https://www.rsi.ch/play/tv/helveticus-lis-/video/serie-2-2226-1910-arthur-honegger?urn=urn:rsi:video:14948343,Paola Massa
2022-02-02_jean_piaget_in,"Jean Piaget in Gebärdensprache (Staffel 2, Folge 19)",https://www.srf.ch/play/tv/helveticus-in-gebaerdensprache/video/jean-piaget-in-gebaerdensprache--staffel-2-folge-19?urn=urn:srf:video:573ddb3d-c108-45a3-85ec-317530e081dd,Andreas Blaser,2022-06-17_saison_2_(24_26),Saison 2 (24/26) – 1896 Jean Piaget,https://www.rts.ch/play/tv/helveticus-signe/video/saison-2-2426-1896-jean-piaget?urn=urn:rts:video:13181132,Steve Mateus,2022-01-03_serie_2_(23_26),Serie 2 (23/26) 1896 Jean Piaget,https://www.rsi.ch/play/tv/helveticus-lis-/video/serie-2-2326-1896-jean-piaget?urn=urn:rsi:video:14948328,Paola Massa
2022-02-02_ramuz_und_farinet,"Ramuz und Farinet in Gebärdensprache (Staffel 2, Folge 22)",https://www.srf.ch/play/tv/helveticus-in-gebaerdensprache/video/ramuz-und-farinet-in-gebaerdensprache--staffel-2-folge-22?urn=urn:srf:video:1740904d-0f28-4f23-ba07-350658b9cf51,Andreas Blaser,2022-06-17_saison_2_(25_26),1932 Ramuz et Farinet,https://www.rts.ch/play/tv/helveticus-signe/video/saison-2-2526-1932-ramuz-et-farinet?urn=urn:rts:video:13181141,Steve Mateus,2022-01-03_serie_2_(24_26),Serie 2 (24/26) 1932 Ramuz e Farinet,https://www.rsi.ch/play/tv/helveticus-lis-/video/serie-2-2426-1932-ramuz-e-farinet?urn=urn:rsi:video:14948349,Paola Massa
2022-02-02_die_grande_dixence,"Die Grande Dixence in Gebärdensprache (Staffel 2, Folge 25)",https://www.srf.ch/play/tv/helveticus-in-gebaerdensprache/video/die-grande-dixence-in-gebaerdensprache--staffel-2-folge-25?urn=urn:srf:video:380dab1f-a57f-4f41-ab13-e1ae1d8cf447,Andreas Blaser,2022-06-17_saison_2_(26_26),1950 La grande Dixence,https://www.rts.ch/play/tv/helveticus-signe/video/saison-2-2626-1950-la-grande-dixence?urn=urn:rts:video:13181156,Farhia Ahmed,2022-01-03_serie_2_(26_26),Serie 2 (26/26) 1950 La Grande Dixence,https://www.rsi.ch/play/tv/helveticus-lis-/video/serie-2-2626-1950-la-grande-dixence?urn=urn:rsi:video:14948355,Paola Massa